CRIM,ZN,INDUS,RM,AGE,DIS,RAD,TAX,PTRATIO,B,LSTAT,MEDV
0.00632,18,2.31,6.575,65.2,4.09,1,296,15.3,396.9,4.98,24
0.02731,0,7.07,6.421,78.9,4.9671,2,242,17.8,396.9,9.14,21.6
0.02729,0,7.07,7.185,61.1,4.9671,2,242,17.8,392.83,4.03,34.7
0.03237,0,2.18,6.998,45.8,6.0622,3,222,18.7,394.63,2.94,33.4
0.06905,0,2.18,7.147,54.2,6.0622,3,222,18.7,396.9,NA,36.2
0.02985,0,2.18,6.43,58.7,6.0622,3,222,18.7,394.12,5.21,28.7
0.08829,12.5,7.87,6.012,66.6,5.5605,5,311,15.2,395.6,12.43,22.9
0.14455,12.5,7.87,6.172,96.1,5.9505,5,311,15.2,396.9,19.15,27.1
0.21124,12.5,7.87,5.631,100,6.0821,5,311,15.2,386.63,29.93,16.5